TARIH SAAT;RAF1;RAF2;RAF3;RAF4;L_PRES;H_PRES;VACUM;SERP2;SERP4;KONDANSER
2026-01-26-11:08:17.626;8.859259;9.034616;9.007692;9.123078;2.997277;-4.872636;1.607629E-05;10.0;10.0;7.5
2026-01-26-11:11:17.176;8.866666;9.038463;9.003846;9.123078;2.994912;-4.867905;1.607865E-05;9.900001;9.900001;7.6
2026-01-26-11:15:28.260;8.862962;9.026923;9.007692;9.13077;-2.77005;6.68567;1.607839E-05;9.900001;9.900001;7.700001
2026-01-26-11:18:27.660;8.866666;9.03077;9.015386;9.123078;-2.77005;6.692765;1.60768E-05;9.900001;9.900001;7.8
2026-01-26-11:21:27.661;8.866666;9.038463;9.003846;9.126925;-2.77005;6.69986;1.607912E-05;10.0;10.0;7.8
2026-01-26-11:24:27.861;8.866667;9.038462;9.011539;9.115386;-2.77005;6.711686;1.607652E-05;10.0;10.0;7.8
2026-01-26-11:27:27.861;8.870369;9.034616;9.015385;9.13077;-2.77005;6.728242;1.607984E-05;10.0;10.0;7.700001
2026-01-26-11:30:28.061;8.874073;9.034616;9.019231;9.123078;-2.77005;6.735337;1.607989E-05;10.0;10.0;7.8
2026-01-26-11:33:28.061;8.874073;9.042309;9.023077;9.138462;-2.76532;6.740067;1.607985E-05;10.0;10.0;7.8
2026-01-26-11:36:28.261;8.877777;9.042309;9.023077;9.134617;-2.766503;6.749528;1.607951E-05;10.0;10.0;7.9
2026-01-26-11:39:28.261;8.874073;9.038462;9.019232;9.138462;-2.766503;6.751893;1.608188E-05;10.0;10.0;8.0
2026-01-26-11:42:28.461;8.874073;9.050001;9.019231;9.138462;-2.76532;6.754258;1.608017E-05;10.1;10.1;8.0
2026-01-26-11:45:28.461;8.874073;9.038462;9.023077;9.142308;-2.77005;6.756623;1.608143E-05;10.0;10.0;8.100001
2026-01-26-11:48:28.661;8.88148;9.042309;9.023077;9.138462;-2.766503;6.758988;1.607978E-05;10.0;10.0;8.100001
2026-01-26-11:51:28.661;8.885184;9.046155;9.03077;9.146154;-2.76532;6.775544;1.608093E-05;10.1;10.1;8.100001
2026-01-26-11:54:28.861;8.877777;9.050001;9.03077;9.142309;-2.766503;6.768449;1.608191E-05;10.0;10.0;8.2
2026-01-26-11:57:28.861;8.885184;9.053847;9.026923;9.150001;-2.766503;6.768449;1.60819E-05;10.1;10.1;8.3
2026-01-26-12:00:29.061;8.88148;9.057693;9.023077;9.157693;-2.768868;6.775544;1.60804E-05;10.1;10.1;8.3
2026-01-26-12:03:29.061;8.896295;9.050001;9.034616;9.157694;-2.764138;6.782639;1.608202E-05;10.1;10.1;8.400001
2026-01-26-12:06:29.261;8.88148;9.06154;9.03077;9.153848;-2.764138;6.7921;1.608105E-05;10.2;10.2;8.400001
2026-01-26-12:09:29.261;8.896295;9.073078;9.038463;9.161539;-2.764138;6.803925;1.607981E-05;10.1;10.1;8.400001
2026-01-26-12:12:29.461;8.896296;9.069232;9.038463;9.150001;-2.762955;6.818116;1.60812E-05;10.2;10.2;8.400001
2026-01-26-12:15:29.461;8.91111;9.08077;9.03077;9.161539;-2.761773;6.825211;1.608259E-05;10.1;10.1;8.3
2026-01-26-12:18:29.661;8.899999;9.076924;9.038462;9.165384;-2.764138;6.827576;1.608074E-05;10.2;10.2;8.400001
2026-01-26-12:21:29.661;8.888887;9.065386;9.042309;9.161539;-2.76059;6.844132;1.608207E-05;10.2;10.2;8.400001
2026-01-26-12:24:29.761;8.914814;9.076924;9.050001;9.169231;-2.762955;6.853593;1.608208E-05;10.2;10.2;8.400001
2026-01-26-12:27:29.961;8.903703;9.076923;9.042309;9.169231;-2.758225;6.858323;1.608151E-05;10.2;10.2;8.400001
2026-01-26-12:31:02.543;8.914814;9.08077;9.050001;9.184615;-2.761773;6.858323;1.608379E-05;10.2;10.2;8.400001
2026-01-26-12:35:38.127;8.914814;9.096154;9.046155;9.176924;-2.76059;6.867783;1.608173E-05;10.2;10.2;8.5
2026-01-26-12:38:37.527;8.914814;9.1;9.046155;9.184615;-2.762955;6.867783;1.608545E-05;10.2;10.2;8.5
2026-01-26-12:41:37.528;8.918517;9.1;9.057694;9.192308;-2.76059;6.867783;1.608071E-05;10.2;10.2;8.5
2026-01-26-12:45:53.998;8.918517;9.092309;9.053847;9.2;-2.761773;6.872514;1.607939E-05;10.2;10.2;8.6
2026-01-26-12:48:53.298;8.922221;9.103848;9.05;9.2;-2.76059;6.874879;1.608258E-05;10.3;10.3;8.6
2026-01-26-12:51:53.498;8.922221;9.115386;9.06154;9.196154;-2.758225;6.879609;1.608234E-05;10.3;10.3;8.6
2026-01-26-12:55:45.270;8.918517;9.107693;9.065386;9.207692;-2.761773;6.870148;1.608146E-05;10.2;10.2;8.7
2026-01-26-12:58:44.670;8.929628;9.107694;9.073079;9.211538;-2.764138;6.867783;1.608129E-05;10.3;10.3;8.8
2026-01-26-13:01:44.670;8.925925;9.119232;9.065386;9.211538;-2.761773;6.870148;1.608453E-05;10.3;10.3;8.8
2026-01-26-13:10:48.516;8.944445;9.119232;850.0;9.234613;-2.762955;6.889069;1.608259E-05;10.3;10.3;8.900001
2026-01-26-13:13:47.916;8.948149;9.138464;850.0;9.242308;-2.761773;6.891434;1.608052E-05;10.3;10.3;8.8
2026-01-26-13:16:47.917;8.966667;9.142309;850.0;9.246153;-2.761773;6.891434;1.608253E-05;10.400001;10.400001;8.900001
2026-01-26-13:19:48.117;8.977778;9.146155;850.0;9.249999;-2.761773;6.8938;1.608181E-05;10.400001;10.400001;8.900001
2026-01-26-13:22:48.117;8.985186;9.153848;9.123078;9.253845;-2.758225;6.905625;1.608201E-05;10.400001;10.400001;8.900001
2026-01-26-13:25:48.317;8.981483;9.150002;9.126924;9.253845;-2.758225;6.910355;1.608178E-05;10.400001;10.400001;8.900001
2026-01-26-13:28:48.317;8.988889;9.161539;9.13077;9.253846;-2.761773;6.929276;1.608133E-05;10.400001;10.400001;8.900001
2026-01-26-13:31:48.517;8.992593;9.169231;9.150001;9.249999;-2.757042;6.941102;1.608338E-05;10.400001;10.400001;8.8
2026-01-26-13:34:48.517;8.996297;9.176925;9.161539;9.257691;-2.758225;6.955292;1.608338E-05;10.400001;10.400001;8.8
2026-01-26-13:37:48.717;9.003705;9.184617;9.169231;9.265384;-2.76059;6.962388;1.608275E-05;10.400001;10.400001;8.8
2026-01-26-13:40:48.717;9.007408;9.184617;9.165385;9.265383;-2.757042;6.969483;1.608279E-05;10.400001;10.400001;8.8
2026-01-26-13:43:48.817;9.018519;9.192308;9.176924;9.276922;-2.758225;6.955292;1.608175E-05;10.5;10.5;8.900001
2026-01-26-13:46:49.017;9.029631;9.211539;9.192307;9.280768;-2.75586;6.952927;1.608506E-05;10.5;10.5;9.0
2026-01-26-13:49:49.017;9.033334;9.215385;9.207692;9.292307;-2.754677;6.943467;1.608325E-05;10.5;10.5;9.0
2026-01-26-13:52:49.217;9.048149;9.219232;9.207692;9.3;-2.757042;6.941102;1.608249E-05;10.5;10.5;9.1
2026-01-26-13:55:49.217;9.051852;9.219232;9.226923;9.311538;-2.758225;6.936372;1.608691E-05;10.5;10.5;9.1
2026-01-26-13:58:49.417;9.066668;9.23077;9.230768;9.315385;-2.76059;6.938737;1.608105E-05;10.5;10.5;9.1
2026-01-26-14:01:49.417;9.074075;9.234616;9.25;9.330769;-2.761773;6.938737;1.608161E-05;10.5;10.5;9.1
2026-01-26-14:04:49.617;9.085185;9.23077;9.246154;9.326922;-2.75586;6.936372;1.608228E-05;10.5;10.5;9.2
2026-01-26-14:07:49.617;9.085186;9.238462;9.253846;9.338462;-2.75586;6.929276;1.608075E-05;10.5;10.5;9.2
2026-01-26-14:10:49.817;9.092592;9.234615;9.257692;9.342308;-2.762955;6.929276;1.608145E-05;10.5;10.5;9.2
2026-01-26-14:13:49.817;9.107409;9.253846;9.273077;9.346154;-2.761773;6.91272;1.608135E-05;10.5;10.5;9.3
2026-01-26-14:16:50.017;9.107409;9.257692;9.280769;9.353847;-2.758225;6.910355;1.608255E-05;10.5;10.5;9.3
2026-01-26-14:19:50.017;9.122223;9.257692;9.276923;9.357693;-2.76059;6.900895;1.608113E-05;10.6;10.6;9.3
2026-01-26-14:22:50.217;9.122223;9.269231;9.3;9.361539;-2.76059;6.891434;1.608237E-05;10.6;10.6;9.400001
2026-01-26-14:25:50.217;9.122223;9.276923;9.307693;9.35;-2.757042;6.891434;1.608127E-05;10.6;10.6;9.400001
2026-01-26-14:28:50.418;9.133334;9.299999;9.315385;9.369231;-2.758225;6.884339;1.608268E-05;10.6;10.6;9.400001
2026-01-26-14:31:50.417;9.137037;9.292308;9.31923;9.369231;-2.754677;6.877244;1.608311E-05;10.6;10.6;9.400001
2026-01-26-14:34:50.618;9.151853;9.303846;9.33077;9.376924;-2.292298;6.664384;1.608288E-05;10.6;10.6;9.0
2026-01-26-14:37:50.618;9.148149;9.311538;9.323077;9.396154;-2.292298;6.69986;1.608217E-05;10.6;10.6;8.8
2026-01-26-14:40:50.818;9.162963;9.315384;9.346155;9.4;-2.28875;6.716416;1.608275E-05;10.6;10.6;8.900001
2026-01-26-14:43:50.818;9.166667;9.311539;9.350001;9.407692;-2.287568;6.718781;1.608106E-05;10.6;10.6;9.0
2026-01-26-14:48:41.659;9.177778;9.311539;9.369231;9.415384;-2.291115;6.732972;1.608186E-05;10.6;10.6;9.1
2026-01-26-14:51:41.059;9.196297;9.319231;9.365386;9.419231;-2.28875;6.735337;1.608429E-05;10.6;10.6;9.2
2026-01-26-14:54:41.060;9.203704;9.323076;9.373077;9.426924;-2.28875;6.735337;1.608332E-05;10.6;10.6;9.2
2026-01-26-14:57:41.260;9.207408;9.311539;9.376925;9.419231;-2.28875;6.737702;1.608152E-05;10.6;10.6;9.2
2026-01-26-15:00:41.260;9.214815;9.33077;9.384617;9.423078;-2.291115;6.737702;1.608155E-05;10.6;10.6;9.2
2026-01-26-15:03:41.460;9.214815;9.338462;9.388462;9.43077;-2.28875;6.735337;1.608177E-05;10.6;10.6;9.3
2026-01-26-15:06:41.460;9.214815;9.342308;9.392308;9.434616;-2.291115;6.735337;1.607962E-05;10.6;10.6;9.3
2026-01-26-15:09:41.660;9.218519;9.338462;9.400001;9.434616;-2.291115;6.735337;1.608048E-05;10.6;10.6;9.3
2026-01-26-15:12:41.660;9.218519;9.35;9.407693;9.434616;-2.28875;6.735337;1.608254E-05;10.6;10.6;9.3
2026-01-26-15:15:41.860;9.222222;9.353848;9.407693;9.438462;-2.28875;6.721146;1.608322E-05;10.6;10.6;9.400001
2026-01-26-15:18:41.860;9.218519;9.357693;9.407693;9.442307;-2.287568;6.723511;1.608339E-05;10.6;10.6;9.400001
2026-01-26-15:21:42.060;9.233334;9.36154;9.415385;9.453845;-2.28875;6.711686;1.608281E-05;10.6;10.6;9.400001
2026-01-26-15:24:42.060;9.22963;9.365385;9.415385;9.457691;-2.28875;6.711686;1.608122E-05;10.6;10.6;9.400001
2026-01-26-15:27:42.260;9.240742;9.384615;9.419231;9.461537;-2.28875;6.706956;1.608202E-05;10.6;10.6;9.400001
2026-01-26-15:30:42.260;9.244445;9.380769;9.419231;9.465384;-2.286385;6.706956;1.608408E-05;10.6;10.6;9.5
2026-01-26-15:33:42.460;9.248148;9.388462;9.41923;9.461537;-2.291115;6.69986;1.60837E-05;10.6;10.6;9.5
2026-01-26-15:36:42.460;9.259259;9.400001;9.430769;9.473077;-2.291115;6.6904;1.60846E-05;10.6;10.6;9.5
2026-01-26-15:39:42.660;9.255555;9.400001;9.430769;9.492307;-2.28875;6.69513;1.608476E-05;10.6;10.6;9.5
2026-01-26-15:42:42.660;9.27037;9.4;9.430769;9.484615;-2.28875;6.69513;1.608106E-05;10.6;10.6;9.5
2026-01-26-15:45:42.860;9.274074;9.411539;9.434615;9.496153;-2.291115;6.6904;1.608312E-05;10.6;10.6;9.5
2026-01-26-15:48:42.860;9.274074;9.407693;9.446153;9.499999;-2.291115;6.688035;1.607952E-05;10.7;10.7;9.5
2026-01-26-15:51:43.060;9.292593;9.423077;9.446154;9.507691;-2.291115;6.683305;1.608042E-05;10.6;10.6;9.5
2026-01-26-15:54:43.060;9.296296;9.419231;9.461538;9.507691;-2.292298;6.659653;1.608289E-05;10.6;10.6;9.5
2026-01-26-15:57:43.260;9.288889;9.41923;9.457691;9.507691;-2.28875;6.650193;1.608102E-05;10.6;10.6;9.5
2026-01-26-16:00:43.260;9.299999;9.423077;9.46923;9.515385;-2.292298;6.638367;1.60842E-05;10.6;10.6;9.5
2026-01-26-16:03:43.460;9.311111;9.426924;9.465384;9.515384;-2.292298;6.624177;1.608002E-05;10.6;10.6;9.5
2026-01-26-16:06:43.461;9.307407;9.434615;9.461537;9.51923;-2.291115;6.617081;1.607994E-05;10.7;10.7;9.400001
2026-01-26-16:09:43.661;9.307407;9.434615;9.465384;9.51923;-2.28875;6.602891;1.608415E-05;10.6;10.6;9.400001
2026-01-26-16:20:06.775;9.314815;9.446153;9.476922;9.530768;-2.292298;6.567414;1.608057E-05;10.7;10.7;9.2
2026-01-26-16:23:06.175;9.314815;9.449999;9.480768;9.534616;-2.292298;6.553223;1.607807E-05;10.7;10.7;9.2
2026-01-26-16:26:06.176;9.314815;9.449999;9.492307;9.542307;-2.292298;6.536668;1.608065E-05;10.7;10.7;9.1
2026-01-26-16:29:06.376;9.318519;9.461536;9.492306;9.542307;-2.29348;6.536668;1.607954E-05;10.7;10.7;9.1
2026-01-26-16:32:06.376;9.322222;9.46923;9.496153;9.561538;-2.292298;6.69986;1.608078E-05;10.7;10.7;9.3
2026-01-26-16:35:06.577;9.333333;9.476922;9.496152;9.565385;-2.291115;6.673844;1.608087E-05;10.7;10.7;9.3
2026-01-26-16:38:06.577;9.344444;9.48846;9.496152;9.569231;-2.29348;6.659653;1.608276E-05;10.7;10.7;9.3
2026-01-26-16:41:06.777;9.337036;9.48846;9.503845;9.580769;-2.292298;6.643098;1.608176E-05;10.7;10.7;9.400001
2026-01-26-16:44:06.778;9.337037;9.496152;9.519229;9.58077;-2.294663;6.638367;1.608135E-05;10.7;10.7;9.400001
2026-01-26-16:47:06.978;9.351851;9.503844;9.519229;9.588462;-2.294663;6.626542;1.608243E-05;10.7;10.7;9.5
2026-01-26-16:50:06.978;9.366667;9.507691;9.526921;9.596154;-2.29348;6.624177;1.608256E-05;10.8;10.8;9.5
2026-01-26-16:53:07.179;9.35926;9.51923;9.534614;9.6;-2.29348;6.609986;287.4186;10.8;10.8;9.5
2026-01-26-16:56:07.179;9.374073;9.51923;9.538461;9.603847;-2.294663;6.602891;287.5458;10.8;10.8;9.5
2026-01-26-16:59:07.379;9.381481;9.51923;9.542306;9.603847;-2.294663;6.602891;287.5711;10.8;10.8;9.5
2026-01-26-17:02:07.380;9.388888;9.523076;9.534614;9.596154;-2.29348;6.602891;287.6275;10.8;10.8;9.5
2026-01-26-17:18:14.569;9.407407;9.530768;9.557692;9.619231;-2.295845;6.600526;287.6404;10.8;10.8;9.6
2026-01-26-17:21:13.969;9.407407;9.542306;9.569231;9.626924;-2.297028;6.600526;287.583;10.8;10.8;9.6
2026-01-26-17:24:13.969;9.403703;9.549999;9.569231;9.626924;-2.254456;7.369187;287.205;10.8;10.8;9.2
2026-01-26-17:27:14.169;9.411111;9.542306;9.573076;9.619231;-1.740044;14.492907;287.1219;-14.400001;-14.400001;16.7
2026-01-26-17:30:14.169;9.4;9.503846;9.561537;9.573076;-1.346253;16.65698;287.5493;-11.7;-11.7;34.9
2026-01-26-17:33:14.368;9.381481;9.457691;9.542307;9.538462;-0.9500961;11.524691;287.5929;-5.3;-5.3;32.3
2026-01-26-17:36:14.368;9.374074;9.407693;9.534614;9.511539;-0.6473618;10.912127;287.5919;-0.5;-0.5;26.1
2026-01-26-17:39:14.568;9.362963;9.38846;9.523075;9.473078;-0.420311;10.148195;287.729;2.5;2.5;23.2
2026-01-26-17:42:14.568;9.351851;9.361539;9.51923;9.457693;-0.2334671;7.924989;287.7109;4.200001;4.200001;20.6
2026-01-26-17:45:14.768;9.355556;9.342307;9.515383;9.430769;-0.9335403;9.859652;287.3101;5.1;5.1;18.4
2026-01-26-17:48:14.768;9.333335;9.276923;9.492307;9.384615;-2.004937;17.18677;287.3283;-15.900001;-15.900001;27.5
2026-01-26-17:51:14.968;9.303703;9.200001;9.473076;9.31154;-2.159851;15.869402;287.2808;-19.3;-19.3;27.7
2026-01-26-17:54:14.968;9.292593;9.134616;9.453845;9.246153;-2.22844;13.487734;287.385;-21.6;-21.6;28.3
2026-01-26-17:57:15.168;9.244446;9.061538;9.434614;9.16923;-2.320679;14.880785;287.2994;-23.5;-23.5;31.5
2026-01-26-18:00:15.168;9.225926;8.988461;9.399999;9.092307;-2.476776;15.297045;287.3894;-26.5;-26.5;28.6
2026-01-26-18:03:15.368;9.196297;8.896153;9.376922;9.038462;-2.453125;13.686403;287.3375;-30.5;-30.5;27.6
2026-01-26-18:06:15.368;9.162963;8.834616;9.338461;8.965384;-2.036866;14.920992;287.8974;-21.8;-21.8;31.3
2026-01-26-18:09:15.567;9.118519;8.776923;9.323075;8.919231;-1.786164;13.913454;287.807;-14.2;-14.2;29.7
2026-01-26-18:12:15.567;9.092592;8.730769;9.288461;8.857693;-1.962364;12.853884;287.3421;-15.400001;-15.400001;32.8
2026-01-26-18:15:15.768;9.081482;8.684615;9.26923;8.81923;-2.272194;14.171251;287.3801;-10.0;-10.0;26.9
2026-01-26-18:18:15.767;9.070371;8.657693;9.25;8.796154;-2.159851;17.56519;287.3261;9.2;9.2;35.0
2026-01-26-18:21:15.967;9.074074;8.657692;9.25;8.792308;-2.197693;16.34006;287.3106;11.3;11.3;30.1
2026-01-26-18:24:15.967;9.096296;8.707691;9.284616;8.823078;-1.976555;17.72838;287.7438;22.1;22.1;28.8
2026-01-26-18:27:16.167;9.133334;8.753844;9.334616;8.888462;-1.693924;16.00658;287.832;18.5;18.5;28.0
2026-01-26-18:30:16.167;9.140741;8.776922;9.346154;8.915384;-1.684464;14.802736;287.7588;16.2;16.2;27.4
2026-01-26-18:33:16.367;9.166667;8.803845;9.353847;8.938462;-1.682099;13.894533;287.7135;14.6;14.6;27.2
2026-01-26-18:36:16.367;9.181481;8.815385;9.361539;8.953846;-1.678551;13.18973;287.7249;13.400001;13.400001;26.8
2026-01-26-18:39:16.567;9.2;8.826922;9.369231;8.973077;-1.673821;12.586626;287.6603;12.6;12.6;26.2
2026-01-26-18:42:16.567;9.214814;8.838461;9.38077;8.988462;-1.672638;11.995348;287.7107;11.900001;11.900001;25.4
2026-01-26-18:45:16.767;9.211112;8.857691;9.380769;8.999999;-1.66436;11.527056;287.6602;11.3;11.3;24.3
2026-01-26-18:48:16.767;9.222221;8.876923;9.392307;9.011539;-1.665543;11.08951;287.7937;10.900001;10.900001;23.1
2026-01-26-18:51:16.967;9.237037;8.880769;9.403847;9.01923;-1.658448;10.685076;287.6777;10.6;10.6;22.2
